rowLabel	maxf0	minf0	excursion_size	meanf0	finalf0	mean_intensity	duration	max_velocity	final_velocity	maxf0_loc_ms	maxf0_loc_ratio	minf0_loc_ms	minf0_loc_ratio
him	217.49882657005588	172.67309104586457	3.995572118215806	205.9836550353145	196.08325134551927	62.75321732371653	453.0106399233276	-28.345673214423694	-12.318825881253044	110.39278456943168	0.2436869575251384	0	0
hɛ	306.2089925323234	177.73016312929	9.417937262296306	215.02982736121194	246.312629763511	60.619553387898236	151.97034066583905	-118.47014015825093	-117.01776995037662	107.20648400193866	0.7054434670095945	0	0
ɛ	200.02983684202127	177.83682871626198	2.035933013864417	192.9031231389746	199.94926580875307	64.13409932945734	136.3189102318163	21.374151109001993	11.165835725587996	118.20601323010216	0.8671285079163826	8.017622325793283	0.05881518794537724
øz	249.52587973556788	199.67752004420709	3.858210383091091	224.2696216489788	232.50544120253133	72.0085830062044	312.15934063835425	63.87988724976342	-44.415690452238195	37.54809325469388	0.12028502231555661	0	0
bek	246.9424323272504	202.31471925128375	3.450881656955792	229.11523036352682	239.07591599824966	68.14160165198886	219.7651351605092	51.71934735547269	-3.477990397120888	105.19507669146044	0.47867045250207424	18.173844543373008	0.08269666855982152
t͡ʃi	237.15798707686483	217.03624068781295	1.534949914807612	222.25574374741132	220.4647517335595	66.82949784739745	169.99999999999994	15.47179528081003	15.03888978580244	0	0	107.18046319976793	0.6304733129398116
ni	233.7166431581484	227.84416863593745	0.44055631322151356	229.45721366432602	228.12658358175054	70.46567385885025	80.00000000000007	3.874779116793066	2.813145464440996	0	0	50.2252062964299	0.6278150787053732
mu	233.2757981304522	230.09110159183345	0.23797737400536612	231.67410955586743	232.73039613617468	70.98302290367373	209.9999999999991	-43.45872741150419	-43.448727411502276	125.61223664279986	0.598153507822859	92.63519741829818	0.4411199877061837
hɛ	198.03179335544883	110.90723339747085	10.036543288338862	123.78836401332812	193.58794874556662	67.0763993828461	286.7745963395265	-159.8793413334223	12.53067251424466	286.7745963395265	1	78.49006027050365	0.2736994882823422
ɛ	201.8532083671518	149.83180359290438	5.159551588961162	178.07423890090942	174.98620944022093	65.14901622994431	206.1927505549761	-62.11560706746908	1.5062823824273561	8.13834729961016	0.039469609274358435	57.15201430212957	0.2771776124441942
hɛ	207.61663199772383	111.38747838331993	10.780019521467226	182.12777923245625	112.38543611862141	62.31617137424833	156.51430434023084	-165.8271058609692	31.10055126669812	64.25509122739115	0.41053813897874414	120.12256626402973	0.7674861845400869
ɛ	175.7731461273714	125.7365916666306	5.799721401494697	169.11820464689166	160.7834512326088	62.06820088839499	319.08722691299477	83.74388508240953	-28.130079397040493	72.40187724210045	0.22690308835784959	0	0
mɛ	240.2637423779522	122.62840764275848	11.643908689532825	213.08554459631864	220.49858791568747	66.3868101160945	100.00000000000142	174.46866617180467	-13.267115608441246	42.91388903797255	0.4291388903797194	0	0
si	241.28605838618907	209.92284521536476	2.4106245535775894	223.2214694709438	243.64573050630537	61.67743192518125	129.999999999999	29.64925874915773	-17.74371985990545	97.77299378887605	0.7520999522221292	18.204718255056207	0.1400362942696642
lɛn	228.40655696106856	212.90217453322356	1.2169605854300087	217.89418516510995	213.43700246659304	64.51047233894738	120.000000000001	-17.971932517655553	-3.0288107031464406	0	0	103.21249221235007	0.8601041017695767
mɛn	217.53017244019034	84.2268248924594	16.426366037967416	170.24006279363576	85.18111670162124	67.41906217350267	250	-207.85782221173835	-12.547847358876664	34.64035900748641	0.13856143602994564	250	1
qa	226.18128065574254	76.75293727866352	18.71022798700856	184.87128900729314	209.40719218060906	69.17654504452992	171.72432605903154	233.29646654424948	21.374454875908576	171.72432605903154	1	25.363628324210907	0.14769968184642615
za	393.30938996841337	226.18128065574254	9.578221162108676	--undefined--	346.69286671917257	65.21290047986811	108.2756739409696	94.59841377734696	75.38448138346563	108.2756739409696	1	0	0
qis	487.2727590106927	288.0122305132782	9.103193922214537	481.65396136457014	335.5942719874822	65.31067604406562	189.99999999999773	-97.41132419535249	-85.95001278171817	59.02420147130627	0.31065369195424725	189.99999999999773	1
tan	288.0122305132782	186.31378025277547	7.540748324068836	198.42038581921753	193.1433055426401	65.07511595814697	179.99999999999972	-97.41132419535249	-14.08526720767498	0	0	179.99999999999972	1
ʁa	186.31378025277547	178.56625291355766	0.7352991746076878	182.0976135680024	180.88808209187738	61.54845995507668	100.00000000000142	9.940388428829472	-3.5427092875594512	0	0	87.08661764522674	0.8708661764522551
bar	188.9834510996219	176.3286613358543	1.1999149145412495	182.69173305474106	177.24559372457028	63.487925471564594	193.15996868069618	10.673398868742366	-4.37681493446345	53.597562293894896	0.2774775884463646	184.61134981190597	0.955743320279154
ʁan	189.57436197771634	176.68858295383518	1.2186605623006344	182.23138405710088	188.6302125299159	62.03414004813926	206.8400313193024	-14.245767302287287	-3.226262267216282	184.67925810071506	0.8928603274847827	0	0
di	185.95160280624756	175.6501418799084	0.9866692968014199	180.84506763922982	184.37773874430647	59.95848720454931	100.00000000000142	14.34201610480303	8.584431363175689	67.50608448893303	0.6750608448893207	23.8841236819205	0.2388412368192016
t͡ʃu	262.0934331238756	185.86017405406568	5.950362512271274	212.6371578385064	251.4784698768312	66.59599787191897	249.90396874082776	-88.55450815856912	-84.85846865118819	218.54809568598554	0.8745283109634765	0	0
nɛ	318.70466612995665	163.68395229870856	11.535687070170788	261.4351025204826	308.2428483797149	70.90189134444341	440.9326917763643	82.39283544107406	-17.951076586072627	374.6542348551394	0.8496857725513342	145.10365567626593	0.32908345963574126
ɡi	306.79521012989625	288.7095903278671	1.0518831254702192	299.9486327279145	303.8248570605562	65.24647734083405	66.39639727610103	-24.47562457453275	-4.054054849090812	46.268023356446975	0.6968453900299326	12.680719928866324	0.19098506017028533
la	294.8015025246261	268.43648291804385	1.6219574095831106	282.1068372243153	280.5101074529117	63.20415968477648	64.06034866331822	-35.17324721882039	-29.03706827775972	0	0	64.06034866331822	1
bar	255.69245760368324	218.40148012267633	2.729123653928914	228.58579814415646	224.53217108162724	60.87946183356935	140.00000000000057	-33.605785100763015	-15.041349310419175	0	0	140.00000000000057	1
sam	358.3962283690187	213.36060043737348	8.979139980647595	215.7205368805461	314.2465909904831	61.30589434823389	190.00000000000128	88.52940982942957	77.50048312209708	190.00000000000128	1	74.9154652898234	0.39429192257801526
al	430.6794744619846	191.03022728574425	14.073763562987649	256.8949195114732	199.0253587260747	64.31135338540672	199.9999999999993	-192.45952828780543	-1.3881036042461126	44.67814054910235	0.22339070274551256	104.33652954412409	0.5216826477206223
ma	201.23540144148012	185.02350291690465	1.4541070087078758	191.634835874085	185.79379332590378	63.63241506798097	160.00000000000014	-18.98870815665179	-0.6776098487762428	32.885738118970664	0.20553586324356646	92.80600617067591	0.5800375385667239
ti	191.83026617493866	185.55424271282155	0.5758724632351999	--undefined--	190.72273262280027	49.74427767905311	169.99999999999815	3.4172637273265867	3.3446421614471715	169.99999999999815	1	0	0
ʃɛ	195.7091279071457	179.22260533804203	1.5235011498366937	187.62387294864845	183.83532229376002	59.03832478478476	196.2388577291705	-19.813732234392585	-18.315592822278173	108.48419957625666	0.552817117015509	196.2388577291705	1
hi	179.22260533804203	163.34992155126986	1.6054422480175496	177.20589026579825	175.427975986339	58.23464671288174	53.76114227082951	-42.5055092094585	-30.570390643620925	0	0	53.76114227082951	1
ri	163.34992155126986	139.19381268113105	2.770448144402307	--undefined--	151.27186711620018	51.37859051859919	60.000000000002274	-47.366942643420415	-42.796978791703054	0	0	60.000000000002274	1
dɛ	243.80691368162624	100.75862798204402	15.298027860183042	103.65517035637436	166.4158237226847	57.4671552620099	179.99999999999972	226.10981090914996	226.09981090914997	179.99999999999972	1	104.947090648281	0.583039392490451
nɛ	318.052511043594	196.6947250768457	8.319680502314489	250.98280909091574	304.78135470730155	66.18924552982085	280.00000000000114	-61.18507487429727	24.720556917767837	280.00000000000114	1	62.81307480474396	0.22433241001694182
ɡɛ	322.1873735091367	94.44741982296635	21.243799995723556	246.34584874966876	95.47439079607965	67.74242067991014	129.999999999999	-306.536091101235	-13.471245075243374	13.884881743457811	0.10680678264198398	129.999999999999	1
bar	246.64551232878608	94.28022770963427	16.648942677935864	173.60230751814436	236.82868093001207	67.142230445184	149.99999999999858	263.05965735903726	-50.402078362286986	114.19079543601995	0.7612719695734735	19.75178278005174	0.13167855186701286
sam	240.61998522080768	176.20763306012444	5.393760631384273	194.16603003614304	237.4989246171863	68.28535888455716	285.0942490724506	-50.445154491876124	-15.741650568538313	240.00534758290115	0.8418456295199028	22.630994441694696	0.0793807469471035
uj	235.0857253222573	188.15189561419166	3.855469380331428	224.18682315632913	234.60007252738302	69.09874462245769	179.99999999999972	52.513094803829844	-3.8075568031232145	155.3466286561047	0.8630368258672497	36.345529452677994	0.2019196080704336
ʁur	244.36338715330328	226.85849216930134	1.286825722061046	236.50181428067532	240.17883233321263	68.71294847355176	89.99999999999986	13.249048733985374	8.794284104550531	84.69122892303105	0.9410136547003465	4.838796941807999	0.05376441046453341
t͡ʃɛ	259.40613492526705	240.72208101815758	1.294129389284853	248.1812095740007	254.15094610088943	61.62286049861072	100.00000000000142	15.272921318041165	2.223061721517231	61.722983586793845	0.6172298358679297	22.3799126816715	0.2237991268167118
ɡɛp	255.0717923784567	228.47741061883946	1.9062219629499957	239.4546492960586	232.65394427931076	64.5161126030741	160.00000000000014	-19.729174511338204	-9.845168544715431	0	0	160.00000000000014	1
qi	228.47741061883946	212.16076756629286	1.2827236102172872	216.2252660618464	217.55085987669116	58.536739516027694	100.00000000000142	-22.672242863641884	-15.854683521506612	0	0	100.00000000000142	1
li	212.16076756629286	193.80333521010098	1.5667740163595205	192.84378675169395	199.59511699750195	62.21012383524361	70.00000000000028	-23.577253454015167	-20.389521799540667	0	0	70.00000000000028	1
mɛn	193.80333521010098	158.86307526222484	3.4417147485456283	182.48963114282978	162.1603996842755	62.24621653205123	189.99999999999773	82.09570855857345	82.08570855857174	0	0	130.81388421304752	0.6884941274371005
hɛj	349.3022637480721	302.7482894917584	2.4762862047673373	321.7110751634999	314.89583035120046	79.2902166811716	89.9999999999963	67.18378388426896	-13.419777878844842	0	0	89.00484260213659	0.988942695579336
ran	307.6691188646721	294.82053427873547	0.7385116085496328	300.7954939168327	297.65461352104336	76.27997950228105	150.06073439006684	14.118882763979382	-4.931443318839667	24.947750332330543	0.1662510211864053	150.06073439006684	1
qa	323.9760309430489	289.78765809149803	1.9306911370449562	297.05919726811874	292.7953555182221	67.12859231016921	129.9392656099343	-21.39066628333036	-10.974725283205766	58.20687334816199	0.4479544583766824	129.9392656099343	1
li	289.78765809149803	251.72052854347993	2.4380793032548844	279.79527885770244	280.2546614085548	68.97954204405765	70.00000000000028	35.03194015549675	-13.43973219011477	0	0	55.46806021379069	0.7924008601970067
ti	323.89013138078354	273.07099660599914	2.9547410453413754	307.66548502156473	297.9605873409519	69.38526687024434	199.99999999999574	37.98151031091897	-7.741450915571187	67.2612158587853	0.3363060792939337	0	0
qar	295.3240508344824	250.22980346064043	2.8685426591160805	256.9128740808104	250.80772938734958	68.69686609824112	240.000000000002	-27.884292086346722	-2.0674676787896873	0	0	234.28205516481881	0.9761752298534037
ʃi	298.8282870250587	249.20479293893092	3.143818847115721	249.31582983167812	284.84932410935636	57.223401494683266	149.99999999999858	29.440632779291494	27.866662109934644	149.99999999999858	1	29.745950698952583	0.1983063379930191
tɛ	315.5289981354847	281.4132693890161	1.9809869103563464	293.14995613172783	306.06578866278954	64.21585318813732	80.0000000000054	-31.270867204313937	-29.684977187938728	30.079422496605446	0.3759927812075427	80.0000000000054	1
rɛp	316.79071817237497	219.28075716600597	6.369010210432537	298.9789655608407	242.46805721826573	66.52987966213963	320.0000000000003	-59.59728377683207	-57.023853360548635	179.70944362268426	0.5615920113208879	320.0000000000003	1
hɛ	222.18055921361076	179.6249927239564	3.680933859255365	211.22137099203695	206.91302879929688	68.34773684421845	419.9999999999946	-59.502876831390836	2.2015050888843657	183.83560622859108	0.4377038243537939	54.79371183085391	0.13046121864489194
qa	215.74767786642718	207.47205067178848	0.6771363927213798	210.70507535018947	212.94520853254835	65.84999535559064	150.00000000000568	9.222011182405923	8.765809921806005	143.56971393419116	0.9571314262279048	77.79877239384092	0.5186584826255864
zaq	281.48156907521314	214.62872796825332	4.694367204770808	238.6057798301927	265.2333298374883	63.19923491976019	179.99999999999972	47.03170919686549	32.65107161175523	179.99999999999972	1	36.800453044854464	0.2044469613603029
ti	306.54577263828946	281.48156907521314	1.47674459207958	306.397220298672	303.14588805884426	58.136000633551525	70.00000000000028	32.282172789887106	3.492683530808614	52.86964892873414	0.7552806989819132	0	0
li	300.83841877211677	281.1867475579612	1.1695226146938786	288.60866555711004	290.56323593146726	67.9522457386053	69.99999999999318	-15.071439590383854	-9.82156802756272	0	0	58.10198159394986	0.8300283084850789
ni	373.5472373924936	277.721704520397	5.131809135068536	317.27348542513363	351.10363548305116	68.4905976567122	240.000000000002	56.87844392045599	-33.47659250138029	165.40153544845282	0.6891730643685477	55.78939507907421	0.23245581282947395
bil	272.64352698680995	225.79648615995075	3.2639144252981023	227.54510108646554	228.5524552672524	64.77634682271358	170.0000000000017	-67.26987201514926	-5.4559925283033746	0	0	162.77729800473395	0.957513517674896
sɛ	326.1214030022929	219.6286653374239	6.844113161604341	264.852730545243	310.64828886402756	65.8898908311541	480.20684317588547	58.07569537444211	-38.748866652974016	418.80238321994057	0.872129144287404	39.09006956273231	0.08140256666108105
qa	256.51225488498415	195.37846458727412	4.71307555169941	212.21783577617853	201.8736229722186	68.73365764638469	140.00000000000057	-62.62735540951905	-26.659663770163984	0	0	140.00000000000057	1
zaq	240.35111448468945	159.25590297832508	7.12555973675266	194.45421170934614	176.33874689880554	70.82323612493735	230.00000000000398	-124.56928116469277	-25.873517470376047	83.81224845316382	0.3644010802311407	230.00000000000398	1
t͡ʃɛ	159.25590297832508	114.66199826274969	5.687514258938426	121.2822208146107	117.04413371370677	67.07383124605057	140.00000000000057	-124.56928116468487	-8.558825761988315	0	0	140.00000000000057	1
bil	114.66199826274969	113.25605319140175	0.2135900019367365	113.67872809092938	113.8907977143498	65.70810153351937	100.00000000000142	60.55159376800154	4.58871032020004	0	0	100.00000000000142	1
sɛ	308.87079884154457	112.28283237164302	17.518393448931285	274.00735591904123	269.44511906181873	65.3775015129298	379.99999999999545	133.93133142024982	-72.78625995348499	300.04108887195	0.7895818128209305	0	0
an	230.872315808685	206.16590513919562	1.9594730709151573	222.61063285534618	221.4529920811845	64.61527714126517	90.00000000000341	-35.17912590224738	-33.959572722350735	0	0	90.00000000000341	1
din	211.54747147097484	179.93583753222126	2.80198664958815	199.66960386776492	185.1362735651491	61.493033343995165	329.9999999999983	-27.750031898295827	19.52767529002771	85.29781166604522	0.2584782171698353	235.37152107264347	0.7132470335534687
biz	227.4520494410791	87.53256466896953	16.532048248883804	199.89868377975424	115.70040726252506	59.469176058286585	260.0000000000051	-210.05302270989378	102.82920203917335	60.98503171509151	0.23455781428880887	193.4580178988412	0.7440692996109131
he	176.6373505252419	140.015497326543	4.022447039168756	176.5616469707579	172.43561741189149	63.21475451037897	69.99999999999318	77.72444855015898	27.190138085607018	55.573633079710305	0.7939090439959389	0	0
li	182.7245075868565	171.93609743788608	1.053572158664311	172.5727115498149	178.57708234883046	61.13617771302083	93.223292956921	13.481060327200492	13.418757384204046	93.223292956921	1	16.690372124870123	0.1790365003796083
qi	197.98204867458676	182.60776036111932	1.3994585697458604	187.98644105769867	182.993281587739	61.659349606684856	151.76949336875367	-37.49298284070066	-34.21840740178815	151.76949336875367	1	118.08915812211751	0.7780823108844199
pi	110.62769471282903	97.97834808998306	2.1021326901994097	--undefined--	108.09782538825995	46.98037362519791	149.99999999999858	-126.81088884679684	13.342455265866082	149.99999999999858	1	0	0
kir	154.50063052562123	110.62769471282903	5.782801542047799	115.72348549494487	142.03229012306912	59.91693625654094	179.99999999999972	51.926360029454415	49.231980329658974	179.99999999999972	1	0	0
al	193.6857461033029	154.50063052562123	3.9132607184257884	190.1424322102696	192.09564141869964	61.46633239740312	149.99999999999858	45.3611454097029	3.3958877324311154	148.91854845292585	0.9927903230195151	0	0
maʃ	193.5610952112982	185.42997174595678	0.7429746765950629	189.7168346646267	185.46573175524816	59.82734002190388	219.99999999999886	-5.963091526655278	-0.11127468915431075	0	0	219.99999999999886	1
tu	185.42997174595678	185.28693170879114	0.013359832945427641	--undefined--	185.32269171808255	47.22038415226342	119.99999999999744	-5.866111791062217	-0.11136058127763077	0	0	119.99999999999744	1
ra	185.28693170879114	161.4982078169591	2.3789157186577867	170.25619503927416	161.60039014484397	61.51030643266707	130.00000000000256	-29.857991872823614	-4.406176969371411	0	0	112.16305635811352	0.8627927412162408
laj	162.80555889566224	153.05688841638334	1.0689838164556864	157.37517585719257	153.6082519988153	60.84043178373582	163.43671869613985	-13.890268007786021	3.305047372350181	19.938163148957244	0.12199316841416834	112.56223764704743	0.6887206164259952
miz	181.91634614687584	123.03079638086433	6.7710683337374205	158.53981143536143	127.5533262153331	67.27190209541871	560.9601716226464	-46.966306495221204	23.199132564730398	224.24185369114014	0.39974647940243774	560.9601716226464	1
hɛ	196.2020419021673	174.97205842480605	1.982586022234452	188.5661041071605	181.40316359139896	72.02797761256066	217.1729214503202	71.99205197034338	-15.866425024077298	50.165390739152826	0.23099284387822958	217.1729214503202	1
ɛ	234.56840989145795	165.94935417114812	5.99118862856062	215.83353889819156	228.83233661599536	71.00144145517847	155.54118504009296	91.20212107991715	-42.096485987570816	77.06203358031871	0.49544455740423265	15.897398903092608	0.10220700645295216
mɛn	284.9108042059765	115.85147881406536	15.578806460556924	233.1078375549096	274.42013308637786	76.35515219630285	168.62122766730891	193.06670142155843	25.80734503510894	168.62122766730891	1	46.06862135416634	0.2732077211835992
mu	330.9098039106665	284.9108042059765	2.5911324425828255	309.54148936594964	328.9636818005762	80.37705896122979	131.37877233268824	28.252225207251904	-18.94843404020609	91.75192359831641	0.6983770815423254	0	0
t͡ʃy	306.5228375305117	290.38859448129193	0.936117312621846	306.21686535726815	296.3042794888745	64.57557850419902	100.00000000000142	-18.076245362382043	-11.59866540700168	12.661808319307966	0.12661808319307785	100.00000000000142	1
ʃi	290.38859448129193	261.2393104807968	1.8313534150668076	264.1681296467618	268.69774945349053	63.891869157100636	140.00000000000057	-24.70302844032009	-15.563813218394227	0	0	140.00000000000057	1
nɛ	261.2393104807968	232.4603313517251	2.020649517452476	243.08740831334956	236.89385787698123	67.80301973817649	109.99999999999943	-25.58928921155198	-11.074787566854564	0	0	109.99999999999943	1
lɛj	232.4603313517251	209.11025473593162	1.8326487898968544	217.9013431288834	209.15454399699647	64.92571471724303	219.99999999999886	-14.099796001136543	-1.5118638463506502	0	0	192.08595260541017	0.8731179663882326
mɛn	209.74124009722473	170.0024990612767	3.6366552361060656	198.55491982031174	179.57734537015403	62.19734062750451	230.00000000000398	-134.27619982630284	-36.15799334848893	0	0	230.00000000000398	1
a	183.07651356304942	113.22036066596097	8.319759584169546	151.41483676870655	174.8972357362279	64.39789334585595	130.98897900973583	-134.27619982630068	65.57594412477808	128.08769978243362	0.9778509669345039	53.74930359991481	0.41033454880139086
la	181.8444194135824	173.4222569079684	0.8209870421237238	175.62630580174607	173.6294299565575	66.30630841887911	180.83778066236533	-10.935928395128531	9.46571448384409	0	0	141.58830784808174	0.7829575619070185
niŋ	180.01672018155026	164.32839719902242	1.5785892191912048	173.28765405679093	164.51029168214487	65.70551332602683	148.63379232522078	-13.126751656778943	-4.278356878784165	18.815454165640233	0.12658934332019697	128.8515882246699	0.8669064161582712
ti	170.34056575101482	165.7190867219321	0.4761872611200726	--undefined--	168.3468143645047	48.6714737174439	69.5394480026792	7.547786849375798	6.7717540631455115	69.5394480026792	1	0	0
li	174.55791771165698	170.34056575101482	0.42340500669422987	173.20038472689342	174.32053440773004	70.63492871065961	89.9999999999963	-8.815236324568184	-8.59585775289069	51.532943882882876	0.5725882653653888	0	0
ni	170.7198315053106	166.42044859075926	0.44157533581154595	168.54111053416787	168.48665751321644	67.36907164686995	60.000000000002274	-7.634747437728028	-3.803723154325713	0	0	60.000000000002274	1
u	167.49985506171882	166.49414103805785	0.10426125284338461	167.14072405670885	166.41701336444214	63.23840808527712	30.000000000001137	-2.949221983746747	-1.568436429718845	30.000000000001137	1	0	0
lar	168.496423041491	154.93487107679948	1.452672938709613	162.2360352999853	159.55428359446128	66.52978067901655	89.9999999999963	-66.09680710142133	-24.79885148565196	20.244075697426922	0.2249341744158639	89.9999999999963	1
niŋ	154.93487107679948	77.76117837210388	11.934478806506869	93.17160726816907	78.21511992039493	64.79882986649184	262.12783559999764	-171.80207021884678	90.05106659918796	0	0	197.06128518015475	0.7517755019381717
ti	189.55802680916628	170.52897621608463	1.83147175536903	183.0249589285304	184.1239769775563	60.39603258260484	130.00000000000256	101.17260749057328	-25.552180038397047	81.90316347170778	0.6300243343977397	130.00000000000256	1
li	174.02809006493754	165.67477835703926	0.851594430107868	170.55045934938175	166.73294962143586	67.12956626513365	219.99999999999886	-19.54140560269316	-10.030899214724833	52.38248631874853	0.2381022105397673	219.99999999999886	1
ni	165.67477835703926	152.99454028323638	1.37848582909366	160.62147255936318	158.33778805895093	61.82020590992267	60.000000000002274	-19.54140560269316	-17.86720479199744	0	0	47.32942402678475	0.7888237337797159
t͡ʃy	164.47284692455142	155.04222062382854	1.0222594507968248	--undefined--	162.45199843153927	55.07464659609105	140.00000000000057	7.262194993347772	7.149054250917734	140.00000000000057	1	0	0
ʃi	169.8617762392501	164.47284692455142	0.5581417739878471	--undefined--	167.84092774623795	53.98872060385665	79.9999999999983	7.061572409184042	6.9204320541718385	79.9999999999983	1	0	0
nɛ	172.1948958753178	168.28781684139796	0.3973397133208856	170.6318038264533	172.1376535909658	61.06231193205832	68.94105766927794	-10.927528190669932	-7.673770412559823	35.72772912314548	0.518235871786846	68.94105766927794	1
lɛj	168.28781684139796	153.29733573572682	1.6151773593871326	158.99923168371737	154.23083345466662	58.53981131430908	250.20021708079554	-10.927528190669932	7.693955396193765	0	0	194.04686126042492	0.7755663185446503
mɛn	184.22384125495287	157.00444145006514	2.7678528920056182	--undefined--	181.2339534427042	54.729655182947766	273.1145933976009	12.479840381610902	10.777977474744358	273.1145933976009	1	0	0
ow	204.41096436499052	144.49127041912027	6.0058829915147145	166.2419292961417	149.70039280961382	69.3206727714445	286.16656807646734	-40.627745088211995	-21.624963014999338	0	0	286.16656807646734	1
ɛl	153.5780447060704	141.99075982226822	1.358099245453995	144.49643553441578	142.32276029373548	62.16205239619633	219.99999999999886	30.413334506482222	30.095592621517667	219.99999999999886	1	183.01460831420258	0.8318845832463796
wɛt	164.76113525791956	151.9560320858014	1.4006643168130832	156.40522837246527	160.9698852159345	56.64465158169896	190.00000000000483	30.19395273488382	14.846203449767685	190.00000000000483	1	84.52558663448428	0.44487150860253755
tɛ	182.51274430309064	164.76113525791956	1.7714548136570887	171.55098491980175	179.2304032336851	53.84633491860667	236.3183731095475	-32.39242965755175	-30.33906232591541	236.3183731095475	1	0	0
ma	194.24925787538206	97.02704761135989	12.017402489839418	107.90674754466205	102.48824450469694	85.11655123218088	109.26420052484787	266.95720075828996	247.9975043732116	109.26420052484787	1	0	0
ŋi	324.3355711753939	194.24925787538206	8.874938060725658	311.1956995712763	312.5504095654675	84.38072265242681	70.73579947515185	256.51257483844074	35.137390383609656	69.17637279359923	0.977954208574395	0	0
mi	324.18480024510836	308.3380707185762	0.8676410293116597	318.7441220793932	320.90228448278054	82.14653066689486	79.9999999999983	-10.867501377093967	2.280452586614956	67.11430845592048	0.8389288556990239	30.474515046989836	0.38093143808738106
ʁu	344.76542118651	259.2266721505589	4.9368110123204865	332.8875377020316	296.57360651780033	80.85447601946382	317.2987861398937	-68.39287221151562	-67.85230617866402	173.77894545808203	0.5476823519314212	317.2987861398937	1
a	309.1173983758097	244.3229857770412	4.072383110527545	274.3719575117643	304.7628284982363	74.7236495835716	174.94052025924844	40.441526229278146	17.0946943999515	174.94052025924844	1	18.00917796762036	0.10294457762519592
ʃu	308.8561616575947	265.8333191897544	2.5969580548756035	288.19931666867717	272.065037442198	70.99538303810435	279.3552810422497	-23.716077890762477	-16.456801468735723	0	0	269.29960372756767	0.9640039834680583
y	302.34571315326133	231.56904300711176	4.617080666523206	284.86113680656973	294.17404650183624	81.55414867940351	129.53160618418735	53.29574553813126	4.165843066523945	83.05446925695747	0.6411907618813762	7.713656220964538	0.05955037884727617
rym	310.7997530604028	295.17969471166543	0.8927025007437557	305.1588577224708	305.59527195357646	83.17078639613676	120.46839381581265	21.24889239148141	-0.5851952924829402	33.59144365911959	0.2788403048726494	0	0
t͡ʃi	343.63822458191686	295.71498598068115	2.6001979991155295	327.32715746844354	341.95510767322395	76.68470606255849	140.00000000000057	23.051064575004418	-20.949857437929527	102.64558928968626	0.7331827806406132	140.00000000000057	1
di	367.1649481819955	299.4533698436207	3.529163631552585	342.7195469313402	360.3406351315742	80.04090629042132	70.00000000000028	36.23517509910154	20.08161148536486	49.03157950145953	0.7004511357351333	0	0
mu	411.0451492436138	340.51570106928403	3.2589065569812163	368.68625397676857	382.84685183298916	81.71387245020284	199.99999999999574	29.786480630724533	-16.80731017237137	193.46351548303176	0.9673175774151794	57.74960714903443	0.2887480357451783
rus	275.19951895911544	262.08412086349824	0.8453760222748414	269.0791760519456	265.51945445274043	73.84324112043247	146.90165748884	-72.1695872461081	-1.1106827132279604	58.99888575621759	0.4016216478748696	127.8003463651558	0.8699721197826832
t͡ʃɛ	268.2634145108298	257.27458221341675	0.7240966034322867	267.87807779543516	261.00340776490776	60.14886286783653	107.51859018701282	-8.285056257103923	-8.230126828759197	21.93336919561517	0.20399606391290373	107.51859018701282	1
søz	257.27458221341675	215.45477958135208	3.0710859363238665	235.7071713066985	226.30724491209796	65.78517109502566	362.48140981299315	-27.265069600079904	-23.784468717239754	0	0	362.48140981299315	1
lɛj	215.45477958135208	197.37352908186222	1.5174790631800583	206.48926846248668	214.88420177808104	66.32983191391418	179.99999999999972	-27.09513959936518	-10.527398257044272	0	0	59.04642635861279	0.3280357019922938
du	209.31702357043667	171.58980086794676	3.440710158060213	187.20714983248172	175.36044193821806	64.22150141099358	420.499999999997	33.790734163414484	-2.6322421748450204	0	0	412.004291288774	0.9797961742896004
hɛ	216.15530939843254	197.16303923353797	1.5921497788921393	212.90574846374687	212.15183573484825	72.07598244672982	128.35032427651782	47.39641360559695	-1.4161091585872505	43.60763684925928	0.3397547851559068	0	0
ɛ	217.36910850011324	205.63317854819746	0.9608863936840919	209.39032868903507	208.89129424445295	72.54973634552913	88.76564482675064	84.34265572410726	19.59327179595195	88.76564482675064	1	62.857658069219724	0.7081304731340923
a	347.1999696318419	107.59073327940384	20.282555960946482	309.8082548341363	310.91913618676665	79.80028234533064	357.46165078881376	-220.2163623175839	-92.4354537647634	135.0524957331629	0.3778097466823123	238.32522709648174	0.6667155107983398
ʃu	289.0916432815727	204.08247070784915	6.028495628053681	259.9717975298599	287.4385852503469	76.83990634090287	775.2339944191107	-87.8227192009573	-14.94995895337724	726.2697576579101	0.9368394096315528	32.2778535654038	0.0416362721420516
hɛ	231.68796015828224	220.90806904858593	0.8248435058266885	226.4348382571268	226.14343999047205	72.11707549015007	60.000000000002274	-51.00596449412742	-11.778310266475456	0	0	60.000000000002274	1
ɛ	275.7436218290628	217.18888517578654	4.132526899358698	252.76837788052768	219.76338884925698	71.20013607402127	240.000000000002	-57.554339927202165	-20.086968232315616	150.08856211928645	0.6253690088303551	240.000000000002	1
a	242.31735245284622	230.05445055434546	0.8990682471030951	240.1730123941442	238.91150001504099	72.64113001625444	39.99999999999915	22.4314209895266	22.4214209895266	31.650640207288916	0.7912660051822398	0	0
a	278.3671182301601	239.75599465314338	2.5850630050723975	257.7363006930167	278.3535144570385	72.34479148456587	159.9999999999966	17.279932214697546	-5.816606842777934	130.7573019473196	0.817233137170765	6.492356774600694	0.040577229841255204
hɛ	230.46098077033616	112.3515398519415	12.438031339650133	210.39051862277566	121.53271387030476	70.09656767623285	304.6820781891171	-188.28025531844057	148.29891287498984	191.0830674524533	0.6271555865318978	256.24889543639995	0.8410369817595424
ɛ	209.09286591057804	187.11372575967292	1.9227413700748954	204.07853463774856	206.16970209030595	61.06600386958489	285.4895063346845	64.59050324088415	8.283470398663754	93.6967155066526	0.32819670575495774	0	0
hɛ	249.4831501480506	186.28292226487832	5.057363535194201	211.1007256666806	224.12625117289983	60.8520784949047	212.31782613966743	-218.5355251177883	22.429750290036736	196.81212946231597	0.9269694073301623	86.66084953395625	0.40816567835876766
ɛ	299.9328064744659	87.50210158225751	21.326997114770293	245.62276356873727	243.01596084792283	67.32478798605261	202.0824531578853	317.953910059223	-33.17695340255287	123.75742953621227	0.6124105660946308	62.49992148715933	0.3092793090666247
hɛj	200.0753966907835	99.38258145659033	12.113746179184005	173.66950173853763	196.6166448349064	64.31202566282744	177.86519544989687	-232.3278002505877	-87.95593241649104	0	0	28.52392029433304	0.16036819470039593
ran	232.55497589885826	120.7446965948834	11.347343823806263	152.71580122270316	220.32165028680546	63.126639924981625	167.60109792988942	159.62426758660683	84.60438188060748	167.60109792988942	1	86.27985190334186	0.5147928800528162
qal	237.52337837375046	171.33267376283314	5.655230564069807	182.12397201892588	176.08319861917911	62.787728249734855	252.2364113858231	-78.71071035703459	0.6454392934905339	96.99494863724567	0.38453983746573894	156.5505383068455	0.6206500379811716
ʁan	181.28357489053852	162.6718368914853	1.875404581499815	174.07989129587162	164.94550326405997	58.98920296781962	362.2597937524148	-13.827347792936868	7.661083679853109	35.799444391543034	0.0988225715603704	274.44402619919117	0.7575889760119474
maχ	203.20084036655996	110.76584853239014	10.504718786703764	113.74722923853817	158.4391237432911	70.79724562553336	209.99999999999375	140.15261499903144	130.23910922033113	209.99999999999375	1	66.21414100105483	0.3153054333383657
tap	315.61063698169954	203.20084036655996	7.622873526303966	268.3749771227276	289.9900331154809	74.00226806193389	207.720279522988	78.63131359858572	30.20137266086216	207.720279522988	1	0	0
kɛt	314.3837498643842	167.14485309523823	10.937132611858456	269.9301293733335	167.6350074877187	75.41987038947059	232.27972047700973	148.76071731660252	140.41216870928258	0	0	188.0815214128546	0.8097199403659102
mɛŋ	294.41231564952346	258.57528956132984	2.247043321887137	276.41036488065504	276.5595994486824	76.24712512707325	240.0000000000091	41.347633584107214	-21.775572014096735	172.34979756796065	0.7181241565331422	0	0
t͡ʃu	342.60731502820653	251.41923563553243	5.357531073827964	309.2164026778023	341.24004478042144	70.72751217168378	230.00000000000398	31.092276262310378	-19.629030409226186	200.21319240480295	0.8704921408904326	28.993629088049033	0.12605925690455883
me	296.23136582651364	203.50441040084206	6.4999721292934645	203.7887387370666	204.22818305032564	64.16036786465375	100.00000000000853	-96.32229935338015	-28.937755193006737	0	0	86.44811739760883	0.8644811739760145
ni	220.95373441670813	189.97364509845787	2.6153403163413422	212.14613257608664	217.81759421729421	63.49512319154379	189.99999999999773	22.055413696598105	-14.534325387463014	156.38613121336675	0.8230849011229927	118.80962766409198	0.6253138298110179
t͡ʃo	138.64771539353475	133.6175511383485	0.6397718496346263	--undefined--	137.26006419794595	65.69144616857179	108.74845792321253	-87.91686836734922	5.083370355207902	108.74845792321253	1	0	0
qum	466.5207662087838	114.99121338058532	24.24501208573327	339.9596840150513	119.1805523619517	71.15600504790176	521.7472712325986	270.26635331058026	19.329726279671796	241.47634233460735	0.46282243463225614	431.62021827190244	0.8272591771342167
ø	258.60111914728895	151.09565044548384	9.30319665752223	234.76033743874055	250.7864595974198	70.27600517557411	89.9999999999892	205.91957026911143	20.896986816847818	89.9999999999892	1	0	0
ɡy	282.1629905835047	244.02674237277355	2.513874161112378	266.3850014303775	279.03673836633305	73.58707178197736	110.00000000001364	27.665035242920275	-3.4208831430704367	76.9095276535694	0.6991775241232715	27.905249245137043	0.2536840840466689
nɛj	299.7494929649964	272.01940352568033	1.6805729840813441	288.8969004503073	299.45197111558014	73.72604292151638	189.99999999999773	-45.12901066558835	-37.02538403221946	152.26654509847037	0.8014028689393273	189.99999999999773	1
de	304.9324822445796	235.56315800537504	4.468511022602128	274.897354174334	294.9310481959264	66.63259705510323	99.99999999999432	-24.6449737759109	-5.3819311856086935	58.475642049003795	0.5847564204900711	22.811517685724425	0.2281151768572572
sɛ	297.64968842284617	273.44761256104385	1.468211016162634	288.1060650958776	285.63726055490247	64.40107170714674	129.99999999999545	18.39143819772689	-13.846944650608863	65.49213945825727	0.5037856881404582	0	0
t͡ʃo	277.65284901031066	246.519556693286	2.0589611723559678	255.92450714890342	260.9002707235647	58.725861598492074	140.00000000000057	-33.94245299441785	-33.67814044932622	0	0	140.00000000000057	1
qum	316.43373125887706	204.7423868682784	7.537123066960055	258.2843992456364	224.2665519801413	63.812174556534195	190.00000000001194	-103.90846670883558	-83.66792598199268	132.85674882430953	0.6992460464436905	190.00000000001194	1
ø	204.7423868682784	198.89967049344585	0.5012270594262684	202.76820131492278	205.32744042835765	65.01030004546594	29.999999999986926	-27.12109261764074	-27.12109261766232	0	0	29.999999999986926	1
ɡɛn	207.95206958192114	187.5337846650759	1.7892062283542316	196.52608233317477	190.07723267094102	64.25648772784504	190.00000000001194	-32.218132900485955	-3.2034975186181356	69.36875540471021	0.36509871265634664	190.00000000001194	1
ɡi	187.5337846650759	126.41403571661138	6.827926434863254	170.67422702692457	161.03378027786889	62.795394219377144	189.99999999999773	-88.63463744598417	-87.19285929559543	0	0	189.99999999999773	1
li	126.41403571661138	116.38904750279258	1.4304162118895722	117.68330279619087	117.76448553985213	66.80567925377969	60.000000000002274	-76.92278972416882	-2.503956467248046	0	0	28.39596845181802	0.47326614086361574
bo	117.92629215780752	115.99761019705377	0.2854839124944353	117.66987570520378	117.92491161190075	70.2135324825845	59.99999999998806	57.69333540016754	7.125485538724538	17.644796806990826	0.29407994678323895	51.11139490610128	0.8518565817685242
li	153.94357154534578	117.23300145088007	4.716274485734408	143.672047081638	151.70300438794334	67.29472380063154	100.00000000000853	-92.1977329794345	-45.218985913908355	70.5458877455385	0.7054588774553248	0	0
du	147.91544629538953	108.12518808346458	5.4248408833379225	124.07519496498598	141.56180264776748	63.01351477103782	127.20000000000198	-92.19773297938224	52.9305066964089	127.20000000000198	1	31.341385513414366	0.24639454019979465
biz	300.58249228847313	126.47579985414065	14.986795410543545	247.10893376307556	186.06242471766794	79.55546862023296	200.00000000000284	-181.2685469634487	70.13652196890371	93.580722225866	0.4679036111293233	147.59913081803688	0.737995654090174
ɡi	216.155468396159	197.85727414203348	1.5313107389850469	208.85097951732143	205.9961953168996	76.96195231505844	120.00000000000455	63.225819045513774	10.729064797502733	25.86281755715447	0.21552347964294577	68.79933393588544	0.5733277827990236
mu	389.9976262850924	210.44796680364058	10.680021259092122	334.91384967729425	305.73851181090646	69.01265357966791	179.9999999999926	148.97691004412567	-9.619467084554374	87.47970128163729	0.48599834045356044	0	0
biz	292.862665762719	238.1644454847127	3.579194807238	260.45424923819365	242.98439766087068	71.08927125903195	219.99999999999886	49.40291735968915	-4.981397896053888	23.01916184975994	0.10463255386254572	219.99999999999886	1
ɡi	332.13466042524703	237.939416279382	5.7740880189401835	290.0446519391632	330.7581718867755	70.09410439690141	79.9999999999983	75.79269747800265	27.925091526326767	63.47011427104121	0.793376428388032	2.7195600746381388	0.033994500932977456
mu	313.4117079900862	234.9275954852624	4.990114646929808	285.7143338597158	233.4266987495494	68.07136569478453	120.00000000000455	-62.50802530293641	-31.405897244601842	0	0	104.40394650363771	0.8700328875302813
tɛs	286.8500308225438	167.31330425090343	9.332934051605815	198.93181669062977	169.6303593748594	67.44797056379257	320.0000000000074	-78.76529013908899	-9.631423389534156	72.89893302187522	0.2278091656933548	320.0000000000074	1
bi	177.39355979053056	165.12076748528483	1.2411846299272877	167.37178912873773	164.97220221437772	71.13497356612433	59.99999999998806	16.91776429541355	16.396865084893214	59.99999999998806	1	22.743476986633482	0.3790579497773001
li	216.63400452061308	122.0101168974229	9.939107258759094	189.58198664069448	209.6243882641703	70.7916947453611	240.0000000000091	93.65097805478584	2.6052186409901403	169.62589580178644	0.70677456584075	121.85832680330577	0.5077430283470882
ni	212.3711765912125	164.42124939247304	4.430294553714496	183.5625972513262	165.3963725376042	73.69589157617574	159.9999999999966	-42.324260066532474	-1.7821494904117094	0	0	128.9809442289993	0.8061309014312629
du	175.08648497427419	166.39295360817707	0.8816806313439756	170.17826044908918	170.51316141740534	72.63699700982836	60.000000000002274	21.316316967318706	17.31449397452767	60.000000000002274	1	0	0
mɛ	189.37908966881136	175.08648497427419	1.3585118221725754	182.5303911053667	182.937632959279	73.59700322853197	60.000000000002274	22.107478662916165	20.816544015626654	60.000000000002274	1	0	0
si	193.51378106326132	189.37908966881136	0.37391120725971483	192.40661981944731	192.76343912621897	71.39163079177646	60.000000000002274	11.982122552427906	3.094698838010051	60.000000000002274	1	0	0
lɛn	212.9534999717273	181.25600342211195	2.790115938824446	200.05999042543766	195.99988269110685	69.45498375912537	199.99999999998863	-29.7987123849805	-29.730163338967888	80.56444165215737	0.4028222082608097	199.99999999998863	1
ma	182.0192398631396	173.89975047585418	0.7900211063161979	177.2824540421797	178.32649038612067	71.36585847502435	130.00000000000966	-18.000035990875347	2.5488173527728555	11.477271836454861	0.08828670643426159	62.7145808324201	0.4824198525570418
ŋi	177.44195409714314	170.3140889702313	0.7097924861739173	173.82880410407785	174.05032172376164	73.10505948925613	60.000000000002274	-23.7623520174272	-12.295127023967071	0	0	60.000000000002274	1
mu	170.3140889702313	154.15620348228742	1.7256580535739658	162.60207005137363	163.58791899848498	67.4164429718345	59.99999999998806	-26.54588107291966	-23.128258746222798	0	0	58.851010854567676	0.9808501809096564
tɛs	159.1070240450393	147.56646887147843	1.3035910595832618	156.69086020985145	150.14373268085416	57.045806800843735	380.00000000000966	-10.981000715263892	-10.981000715263487	251.97482044995922	0.6630916327630337	380.00000000000966	1
bi	147.56646887147843	139.7127562396059	0.9468142720355983	141.98554083385812	144.1301171256444	58.95606799402159	69.99999999999318	-10.09721964238344	-8.190041322062196	0	0	69.99999999999318	1
li	146.09601855335956	133.93329359736487	1.5048267198327867	139.56725031279916	133.95405594435798	67.0041610353133	129.99999999999545	-20.444158389236364	-0.03689483764046986	35.55807893761198	0.27352368413548633	102.6738933279745	0.7897991794459853
nɛt	145.1064774143449	126.0976818481962	2.4308420117310146	131.1154163677897	127.61876994195825	65.85001977914169	350.0000000000085	-31.3659015013417	0.1624765172015935	78.44996289426831	0.22414275112647541	180.4193742643463	0.5154839264695482
ti	127.7341157228153	127.63698243367251	0.013169890154782316	--undefined--	127.71590323110102	54.85429746591862	159.9999999999966	0.12865865410528127	0.08228833508492582	159.9999999999966	1	0	0
baʃ	127.84946150367236	127.7341157228153	0.015626243200775214	--undefined--	127.83124901195808	47.836513623001906	189.99999999999773	0.08227660286765331	0.08221408750013438	189.99999999999773	1	0	0
ta	127.87116373906093	120.17012005600303	1.075352874614202	125.09530932814368	121.09814284403437	57.970619207539606	130.00000000000966	14.90310550648062	12.677616475407424	24.10480823790806	0.18542160183004822	96.1271719128689	0.7394397839450905
ja	260.8690370931209	147.08367348526622	9.920263256908258	218.9018770529614	254.5328767683793	75.76644606385663	180.00000000000682	130.9425408857114	6.510905731675687	124.18505708849636	0.6899169838249537	0	0
hil	303.1847995236874	73.24242925662546	24.593350523382355	264.54104650884375	93.88312656337857	79.15575241983127	319.9999999999932	359.5111283996012	27.084930105214045	208.12231600143605	0.6503822375045015	267.498247054192	0.8359320220443678
liq	340.85320066928705	89.64593860797484	23.122084819108682	245.01926839408483	171.3416294284333	76.09118532302074	180.00000000000682	363.82355802385985	-150.53533949915965	50.067265067127664	0.27815147259514317	180.00000000000682	1
mu	289.84113001480256	95.9428149649944	19.140187939415824	228.90073006959082	278.67724149394184	76.68298546146295	170.0000000000017	208.35971784506623	-26.032395399641423	124.53801684520727	0.7325765696776825	0	0
bɛk	268.8774532097308	150.97487839218505	9.991683261521455	251.82333048725508	205.10369256010006	68.14047433101564	169.9999999999875	-130.61868244591	-122.75285118765952	0	0	169.9999999999875	1
mu	230.23780614933602	148.1515523610002	7.632612085567149	199.45697955175856	202.48394424551307	68.59316246425942	190.00000000001194	98.46418337262345	-15.692123587093123	105.42867372049614	0.554887756423629	17.632164503766035	0.09280086580928909
him	198.93179099460602	150.12922743994045	4.872827744037014	172.43759169186612	156.47172953748793	71.10039367632685	229.99999999998977	-34.72186716671408	-16.928840801123634	0	0	224.25774211703242	0.9750336613784452
d͡ʒa	181.0774974839345	123.0733823306195	6.685061959121232	163.98747089361547	152.92771302496664	66.31675347218503	150.00000000000568	-104.35689672813761	-97.7716425154691	79.10575332506653	0.5273716888337568	150.00000000000568	1
hil	227.38238122309681	116.7629971081718	11.538447876419582	197.39858422745272	226.79969499629598	72.74907243340179	230.00000000000398	158.0845921736796	-3.3167354279533816	192.6683262406641	0.8376883749593946	17.485359906032727	0.07602330393927141
liq	277.2577033989734	222.53249027357384	3.806538681393267	248.2451721914638	274.3096505182277	67.19484380171215	259.9999999999909	50.75264200152281	6.783598422576599	259.9999999999909	1	25.690342964992396	0.09880901140382037
t͡ʃo	303.7844461839452	264.4507771364741	2.4005854858792226	273.729634851954	269.41740090381273	66.81420578018931	221.06662255312415	-33.90011433052156	-29.775000671182656	159.76153117043168	0.7226849957054899	221.06662255312415	1
qum	292.25851218199335	263.35575358177647	1.8027847914625141	263.6941634423164	288.3607437830501	58.564441783161804	259.9999999999909	8.227871401403512	7.765419946104575	259.9999999999909	1	22.521551776961246	0.08662135298831551
mu	295.9503735626778	167.41948893358315	9.862653590514695	226.7707976052473	174.12004938585244	72.99309746316604	375.67187085375053	-40.19529978437063	-22.568720973608627	24.040100024265598	0.06399228126831044	375.67187085375053	1
him	167.41948893358315	112.86283682562338	6.826763533071878	151.27186614406966	122.4521848529728	65.98957581673402	294.93281123053805	-40.451650742908875	-22.122211696360576	0	0	294.93281123053805	1
t͡ʃo	259.6245240315564	111.13908083215429	14.688725429307524	218.3175595166385	255.80347524671336	75.78457340991564	160.0000000000108	202.8058380296605	-8.631006389209873	116.91639705790635	0.7307274816118654	28.009737100290977	0.17506085687680678
qum	307.1500528291984	118.42833151877016	16.499152492315105	254.01280650543492	244.87322152887452	77.3301078943503	239.99999999999488	185.8556721001757	-46.56670214845453	135.69487972978322	0.5653953322074422	65.88942647572082	0.27453927698217595
ø	278.6645504520559	227.59177194809013	3.5049730117814537	263.3770086221833	269.5020020183048	75.41339007176204	79.9999999999983	42.558555852692514	5.967450470835922	74.13588036503427	0.9266985045629481	0	0
ɡi	275.8851231371478	237.66730285750418	2.5814906993850144	257.8230989358137	261.54380315430427	70.11638942784911	100.00000000000853	-26.01205460316806	-24.066101016315667	0	0	100.00000000000853	1
ni	245.76632824896896	233.67417280897175	0.8734677934906934	239.89045779526185	242.7432859961131	70.11452344882679	59.99999999998806	5.3484334086762715	5.086482070121594	40.148591433123215	0.6691431905521867	10.998179538290742	0.18330299230488217
mɛn	242.72090258009072	205.14000270512008	2.912274094473668	228.140263214545	208.65036435175034	71.15351296572382	220.00000000001307	26.619097176900976	-17.75887171454904	12.884187232458544	0.05856448742026263	217.14872123007467	0.9870396419548262
bɛl	236.30481083895612	206.0584764034329	2.3711422736342094	229.45875827281134	231.65936075049748	74.81178586181082	259.9999999999909	31.716529263639977	-23.534084504127627	198.06115870291308	0.7617736873189231	0	0
baʁ	228.85272927756787	196.74639276882115	2.6169877499823286	210.0540949614064	196.96951234776932	69.79510980668174	290.00000000000625	19.500736868516427	13.366472950086278	61.02778319866786	0.2104406317195398	251.80760320041884	0.8683020800014255
lap	224.80012462437023	118.40181799105467	11.099419229736393	202.30703831268502	133.87705099569317	68.31247684099841	377.4999999999977	-138.61332369457756	62.86585626004259	121.46556952413334	0.32176309807717635	258.57858570833514	0.6849763859823489
o	292.95617992868074	228.41495480599687	4.308333287346619	268.8131714148736	278.88749888920694	77.3445869647795	275.0520247967074	83.91269569477447	-5.429045160482741	188.5590166096449	0.6855394602130633	0	0
qut	386.7889965751497	274.12435728627577	5.960594748806454	286.1950982032297	345.05296201811865	65.50953612765754	140.00000000000057	67.34018618586256	67.12916128122103	140.00000000000057	1	0	0
qu	452.9625608288473	206.73090490955738	13.579652788479002	335.1194437921394	238.75792746686997	71.55978448824473	160.0000000000108	-104.3999414974539	-104.39994149744393	28.44184314680831	0.17776151966753995	160.0000000000108	1
t͡ʃi	211.33932672397825	172.32298781787972	3.5333530127495862	184.472147830973	172.5871472287948	80.26116694686672	59.99999999998806	128.02014705512323	128.02014705502802	59.99999999998806	1	29.606261774404175	0.49343769624016776
za	281.1466001651188	211.33932672397825	4.941136165167961	260.52005626162656	255.92701121225505	79.22296720630374	470.0000000000131	122.78169093619012	0.295174300035036	37.089592446719166	0.07891402648237901	0	0
lim	274.1402310091054	241.5130191976013	2.193757222096677	265.6193129252056	270.7653339658539	75.25762605461435	129.99999999999545	15.872763256248687	-13.301682280755097	93.32900957933532	0.7179154583026045	125.00881266757347	0.9616062512890603
bol	264.05212030490526	239.50202504786614	1.6894184611548475	249.56329812213676	240.7459754160252	76.53286052099945	269.999999999996	-8.061634676880441	-4.535062113404897	21.607820990439564	0.08002896663125882	269.999999999996	1
sa	342.88704543640245	233.93144900402592	6.619770875684585	278.61422609499755	304.2904267771428	77.00444844493742	321.41562960929093	54.19230892353462	-5.4979199939488455	321.41562960929093	1	18.008578606554693	0.05602894491610663
o	225.70602324345705	220.81020079874037	0.37965716526367466	222.8163036603403	224.71025767179114	75.32340179853921	39.99999999999204	-88.05219317370728	-88.04219317370729	0	0	39.99999999999204	1
qu	234.03115004415892	219.26412883671682	1.1283691081644367	226.55841544009704	228.23022526306306	68.78153772615542	150.00000000000568	-29.27982702187134	-18.235632575825708	98.84676468468001	0.658978431231175	14.576591955801632	0.09717727970534053
ʁu	225.63176525999432	197.44848626641934	2.3099265891509333	210.12696847562037	221.83390669496265	67.25378863358935	179.9999999999926	-29.27982702187134	9.823781219574004	179.9999999999926	1	56.83318838434559	0.3157399354685996
t͡ʃi	232.62776783914578	168.02223348484785	5.632453992201624	221.96947217685403	205.25195406020873	71.90028018290134	159.9999999999966	-83.78785387246185	-75.12450540264145	61.82834857854402	0.38642717861590836	159.9999999999966	1
a	228.36097116961906	73.47500665273742	19.631887359726385	178.612138150247	94.33792788583418	77.7742013752845	520.0000000000102	-253.1697859043822	-151.84850658521938	226.89181487378107	0.43633041321880117	299.0122370199373	0.5750235327306373
lim	118.76904257792002	77.33796163099223	7.426922375344507	89.07147632258255	93.9688029114339	76.53559645630176	99.99999999999432	117.39663166098853	113.78345033997333	99.99999999999432	1	0	0
bo	197.99138697498557	118.76904257792002	8.847345937691468	149.70081259875752	133.95757326159017	74.58351943949454	70.00000000000739	134.3881774758321	134.3881774758321	70.00000000000739	1	0	0
lar	284.08214433513484	128.87637482278848	13.683844048689028	185.92305506095892	226.0172059344967	77.55557108453122	742.699999999985	145.91514324816018	-9.345694040378708	681.5796689623426	0.917705222784915	73.30141384746014	0.09869585814926837
ʃo	320.56883836490886	175.64095610879673	10.416058785993084	208.44312279873486	178.63381919265947	68.68719842197055	203.95475299693544	-60.2435035473768	-12.792066254718472	0	0	203.95475299693544	1
qum	175.64095610879673	132.2992743151506	4.905889737202838	161.0278492212024	133.6107011716018	63.002568114801825	314.58265282620346	-33.72327870440199	-15.367957079850314	0	0	314.58265282620346	1
hɛ	184.3696364537644	124.51854892249285	6.794884926986729	151.49489791713467	179.9607940962752	65.71095235963841	213.84557084772382	106.55325189402687	-8.174167626672213	140.10075135195166	0.6551491845099531	70.24026648076642	0.3284625732593894
ɛ	177.2578848526347	158.86418839645265	1.8966703003268233	--undefined--	161.56709764009184	60.95105213714697	204.15442915228255	-9.422225284738104	-1.1184387531278643	0	0	204.15442915228255	1
him	243.04683908238482	109.27235326925089	13.839671244115827	186.1772881788045	176.80695246665044	64.86145364340649	1265.6074292338246	-192.87176954387172	4.241980205168024	712.6403318656855	0.5630816597664133	1073.5087642931944	0.8482162315869755
him	256.0625028259947	181.1506524219155	5.991672022781618	239.54476729606785	255.68249502940122	64.44448379351213	601.1339910408253	49.442896029793886	-25.525255920708197	550.2247363503727	0.9153113025561798	0	0
a	201.39582435934713	190.82433476541465	0.9334633150796385	--undefined--	190.82433476541377	54.89398038441546	30.000000000001137	22.38955802183461	-15.656064299553853	30.000000000001137	1	0	0
ʃu	373.3264026964467	201.39582435934713	10.68484526613392	306.78378490669195	383.06598194533177	63.55801531480448	199.99999999998863	101.9339701666947	-29.625578357431994	183.94395801186647	0.9197197900593846	0	0
me	251.32115660846554	207.55514600329826	3.312449075033223	235.85702832592517	247.25415446404438	68.15195397644715	79.99999999998408	-61.4110314160842	20.260930031835365	79.99999999998408	1	0	0
niŋ	341.24411003170934	196.23779732692645	9.578414392501218	287.77604744231104	356.91880743217865	69.83759593212557	190.00000000002615	-195.39044212153306	-194.56285246075157	144.82631932847312	0.7622437859392273	190.00000000002615	1
uj	227.43525530497658	182.3322026195953	3.8266382605116416	218.08088982399104	225.64238219162286	71.77598554679503	169.9999999999875	36.565688650562265	-4.800368139569878	105.03706264051971	0.6178650743560438	10.16445736638616	0.05979092568462886
ʁur	230.12207801279766	216.60590000240748	1.047922353369792	223.0792614540096	226.0341225805639	68.79938568024188	159.9999999999966	-4.491098073689959	-1.4773424204243448	50.32589056966685	0.31453681606042455	85.2726673996358	0.532954171247735
lar	223.92230700987247	209.3176026261749	1.167655382700973	219.0500116150411	209.59073251986695	66.6092078638941	229.99999999998977	-10.106832534911266	-4.012398459656986	45.113356365050095	0.19614502767413958	214.44019408298232	0.9323486699260516
ʁa	236.25232107051383	210.98460713536434	1.9582890667715969	228.82009787657438	221.38218507063812	65.68331952348203	390.0000000000148	-21.362195905226287	-19.76788247753966	225.83029561391754	0.579052040035664	0	0
dɛj	213.10903753066495	187.31574141543163	2.2334355851667045	202.9518001994086	202.77504742525966	71.7820172972217	180.00000000000682	-19.115997705142956	-18.923838742081806	0	0	180.00000000000682	1
di	212.3594526859544	182.88828054610957	2.58654837547998	199.20419858026798	200.89085697551135	65.70400320045057	60.000000000002274	26.718573715511884	24.624424715463547	54.98954949283075	0.9164924915471444	6.203238832142688	0.10338731386904088
ʁi	210.36331631555612	196.99264597177432	1.1368964764166627	205.96946199289096	205.56734915959163	63.53736737155926	129.99999999999545	13.406110888143004	13.358247844918866	129.99999999999545	1	82.5327059425831	0.6348669687891231
nim	213.64940237329756	186.66895373874755	2.3371593478222366	208.28553187761045	207.79085536711176	63.58297321524516	340.0000000000034	-31.064916409807324	-31.064916409807324	265.2304439117188	0.7800895409168122	340.0000000000034	1
ʃu	197.5727743385307	179.57239192621967	1.6538231281516413	190.97503967530474	179.79776490250347	61.22905417664143	209.99999999997954	20.745810899612316	9.145630713051998	127.96999568277556	0.6093809318228002	183.7395759064009	0.8749503614591371
oχ	221.20758165982596	185.6490566267304	3.0338741894051537	194.32937160978076	211.08701750643425	61.19470502203609	219.99999999999886	28.1091146442623	27.235019098375368	219.99999999999886	1	111.68021215831914	0.5076373279923624
ʃaʃ	258.76135874647787	188.70030659151078	5.466305117512981	245.25211026897628	193.4331155548694	56.76877142740598	420.0000000000159	-37.82612419511556	-36.11276080129339	114.5832670669904	0.272817302540443	420.0000000000159	1
ʃu	266.3039547645754	117.50080319612758	14.1648388193065	196.6698911813327	236.51740820483195	68.16139974655634	296.6614541323338	199.38321153768237	-7.288517987991909	181.9977270501738	0.6134862636012997	118.28190444177267	0.398710054151524
uj	246.183948003263	211.04922653962078	2.6658858527664666	238.09918647642914	240.28245400324477	71.53045427146795	171.5070181818703	37.82015597652714	-3.452259244045399	85.03653459069938	0.4958195617425085	27.354374627094558	0.15949419981220417
ʁur	238.9820021563654	224.00396326126162	1.1205325731157565	232.79408214787153	228.40301866604327	68.20694066113441	207.04535818489944	25.26866793894927	19.57080188579925	0	0	150.24844551632555	0.7256788890777639
ti	260.18056712427295	237.54129671266938	1.5760183500601315	256.4806833250002	254.70422204003899	63.87402894879023	80.34542550581136	25.26866793894927	7.070112399971396	67.538362918242	0.8405999780704001	0	0
li	255.8538205554112	240.6010613072758	1.0641212436428642	245.79632506124707	247.89433427957024	71.7950716431473	94.25181615662837	-21.70330141510809	-2.0014541108813635	0	0	26.285143804244626	0.2788820934820373
ni	250.96038809266932	241.7103500568676	0.6501649749297442	246.15084067455848	248.94754295137508	73.15164335162558	101.97775984636337	8.485593044437522	4.209981494177274	101.97775984636337	1	23.315054401365387	0.22862881511116884
u	255.44472064127632	212.15625896338244	3.2146065388157226	248.10218426356548	265.4872443602581	66.13353532161892	81.20576222211184	-53.198368871789434	-52.93513570049742	44.74782177433667	0.5510424451400827	81.20576222211184	1
nut	220.3631392565952	204.6540640783047	1.2803472485238299	213.34178561886958	206.9132886980163	63.370747350362095	267.3043310671517	-20.209094670332526	-6.428118951735481	73.4291132966689	0.2747022953332626	267.3043310671517	1
maŋ	215.41968724188163	197.5128444079904	1.5024435380963208	204.93871214767546	211.89988658896328	63.99265856221174	250.30810192416197	11.553034721858694	10.00359115382107	250.30810192416197	1	62.308446134437645	0.2489270049809086
lar	215.60244761161425	186.69129252802986	2.4926269909161327	205.8080175290794	188.56062700418212	62.49672994369968	415.6990947881525	-15.94367375189551	-5.860738589137406	0	0	415.6990947881525	1
a	186.69129252802986	177.5191242550795	0.8721622184072206	182.73591111995293	178.72051983867541	64.03068730460211	249.00207521329776	-10.563891506642179	1.7980801567351559	0	0	149.0233526313034	0.5984823720993026
ba	189.7713855424017	179.2729029711007	0.9852603812245491	185.83613099048694	185.3454226385435	64.34737670723787	124.65997427852926	13.534412831735267	-4.488552044594099	71.47138987801327	0.5733306964938393	0	0
li	184.72452082381147	173.21716418160682	1.1135218995994904	182.54714324308756	183.39001240499894	63.857967447445304	83.43603397472066	-21.47326390769486	-20.02050274897922	16.53245566279793	0.19814527219506756	83.43603397472066	1
li	189.21087281126714	167.89148923645755	2.0695907412977945	181.1664017023231	187.92116067913648	61.26445110428072	122.06382748152578	22.531189490854167	4.7853532089974395	122.06382748152578	1	12.085188646949518	0.09900712517620011
riŋ	200.8277385320565	189.21087281126714	1.0315626659076695	196.1723894147949	196.4556500734662	64.41766476866937	197.77430275490815	-13.15514311817447	-3.9498275988147418	106.1452645530494	0.5366989698585359	0	0
lar	196.2708060624916	183.41503275882437	1.172804522428768	189.36566640384842	187.24704208566467	64.86418212686044	239.49231974225427	-15.488121666951699	-7.890279097286197	2.236120315927792	0.00933691868839194	229.8638106423141	0.9597961675334619
ʁa	211.62029386235224	184.9949856130374	2.327901824522719	205.22768451097934	195.20535935096365	63.52490704303506	176.63681507463025	-28.084978928854397	-27.473353913319546	79.29949115771251	0.4489409024059222	176.63681507463025	1
ø	188.8682511312331	176.6362946184957	1.1591806886906841	184.93173687710424	188.4362072057509	64.57712370621873	115.38930383687784	-19.147423455156495	2.2842882455692433	115.38930383687784	1	28.92299152057376	0.2506557415534915
ɡi	190.68116408408284	188.8682511312331	0.16538560594076834	--undefined--	190.09450329263404	51.96161418915155	92.70670441637208	1.8724731733369433	1.8697128770510547	92.70670441637208	1	0	0
tip	195.098505727667	190.68116408408284	0.3964846833259976	--undefined--	194.5118449362186	43.99587603159069	225.8890507756064	1.7774518666482353	1.7764950043090584	225.8890507756064	1	0	0
qo	198.53032180118933	193.8040618027599	0.41712673726195604	197.0513348820502	197.99673704486796	66.64026806042749	129.78938618289249	-11.991796413755212	-9.36313507934397	86.72860282842976	0.6682256953293261	129.78938618289249	1
juŋ	198.54388271447544	186.36660654522723	1.095774386374858	194.33285494412857	197.31315343484118	66.10271791161716	262.66899584632597	-18.604395228937527	-8.690923797007738	149.47482678925894	0.5690615533350153	66.96587388609032	0.2549439596794613
lar	200.07901415176426	183.38955796834594	1.5079003021694106	191.64352929903228	200.07864643663044	61.48592892584752	313.6580682637202	-18.252990111791373	0.02404669753983586	313.6580682637202	1	51.057685271501896	0.1627813547221529
an	213.24666277459195	200.08561458412512	1.102868611006766	208.92244418797085	210.80288849792893	63.07325987342864	142.6344299975142	20.837328401481155	7.664640388525654	132.50705896737713	0.9289977109291666	0	0
din	230.3397441638229	210.43597082142938	1.5645843743621306	224.34779884428812	227.67500822646562	64.73819465419956	129.3052362904632	-29.56532883523883	-28.104188747391664	57.854518649207876	0.44742595357273157	4.554674033272477	0.035224204092099885
he	213.66476887809873	193.5701792466478	1.7099079471043392	199.9350031680007	200.70429962468734	65.30565506783171	71.1239861432773	-26.83938865726467	-18.263198835252492	0	0	71.1239861432773	1
li	212.0367541283933	185.51742211023074	2.313116196164362	207.0307598990758	210.39860137743105	62.66754734675132	108.48871348403577	27.08798202938307	-3.262016705292858	89.76599674747376	0.8274224466739845	11.679055072107758	0.107652258903654
qi	209.77268055201742	157.76919693963424	4.932134923060724	183.12054472811704	165.45458282888137	59.29227729424827	311.7328337793879	-42.865703138804655	-42.33762187076764	0	0	311.7328337793879	1
a	212.28139746339795	95.22351345954252	13.879058222226494	174.04462907005043	191.22637281954226	66.3148950307772	135.47439752835544	169.9965754024849	51.54020580342793	135.47439752835544	1	46.855978254285446	0.34586592824284945
tal	234.57359029557395	211.36129695387496	1.8039524502125701	217.77193307478606	211.28663070544127	65.64242872992635	214.72506613446285	26.87921435458495	0.6644163583825489	74.60318432615054	0.3474358428160098	189.1803006026862	0.8810350091321882
miʃ	216.45143348119288	193.9505483809839	1.900254000606136	206.39176342694702	208.952052584488	60.166190264699075	305.7882509291119	22.663660462029284	22.320329503636472	17.884932662070696	0.058487965471952674	126.46383652455029	0.4135666957128031
t͡ʃɛt	270.1318293520463	235.64193852645369	2.3648077741576454	243.81849069392334	254.75583800525257	65.82502363507598	269.1452451685734	-44.90480371923759	15.612004098046231	85.88954664094217	0.3191196879110648	182.22526314903575	0.6770517645032251
ɛl	259.85579022463247	206.3478608968398	3.9915926809396947	219.88975564875892	206.47201778226096	68.33531809790189	182.0345444172915	-44.90480371923759	-6.052444962797599	0	0	147.9330884739909	0.8126649199883332
lik	214.8184068967542	185.08968189031162	2.5787177396760086	204.35010787902422	212.10755178974696	63.21995531749674	262.2775024076702	26.650168838910595	4.803031128000488	119.33346955197521	0.4549893469951136	44.60451844610702	0.17006612475963007
lɛr	218.07707969249847	197.7355509260864	1.695190453265111	206.23312974507428	197.92634859032043	72.09256693127128	185.1303700026108	108.45734133286336	1.920256933654263	27.795027783838577	0.15013759105783994	141.47604816432136	0.7641968638766627
ɡɛ	368.10182812591	187.21593376940703	11.70482025764551	286.6591020496859	287.1878687020575	74.27362867181165	122.0462949705734	137.78605647547766	-31.521997443217337	56.9728400369911	0.4668133518574065	6.187408851246801	0.050697228070206046
ʃu	416.2362018507523	281.2780988142633	6.784862683246562	284.19291076417653	396.77295063584563	76.71887123218741	259.57877236578497	28.272302785865627	16.823746357586234	259.57877236578497	1	0	0
